[
 {
  "Id": "1",
  "Name": "Bohrer",
  "State": "available",
  "Category": "Cat1",
  "BuildType": "BT2",
  "Cost": 19,
  "StorageValue": 0,
  "CriticalStorageValue": 0,
  "Place": "HausM",
  "material_id": null
 },
 {
  "Id": "2",
  "Name": "Schrauber",
  "State": "available",
  "Category": "Cat5",
  "BuildType": "BT8",
  "Cost": 5,
  "StorageValue": 0,
  "CriticalStorageValue": 0,
  "Place": "HausM",
  "material_id": null
 },
 {
 "Id": "3",
  "Name": "Hammer",
  "State": "available",
  "Category": "Cat5",
  "BuildType": "BT6",
  "Cost": 7,
  "StorageValue": 0,
  "CriticalStorageValue": 0,
  "Place": "HausM",
  "material_id": null
 },
 {
  "Id": "76",
  "Name": "Schrauben 15mm",
  "State": "available",
  "Category": "Cat9",
  "BuildType": "BT10",
  "Cost": 0.50,
  "StorageValue": 30,
  "CriticalStorageValue": 15,
  "Place": "HausM",
  "material_id": 1
 },
 {
 "Id": "89",
  "Name": "Schrauben 9mm",
  "State": "available",
  "Category": "Cat8",
  "BuildType": "BT10",
  "Cost": 0.25,
  "StorageValue": 18,
  "CriticalStorageValue": 5,
  "Place": "HausM",
  "material_id": 2
 },
 {
 "Id": "12",
  "Name": "Nägel",
  "State": "available",
  "Category": "Cat8",
  "BuildType": "BT4",
  "Cost": 0.80,
  "StorageValue": 120,
  "CriticalStorageValue": 130,
  "Place": "HausM",
  "material_id": 3
 }
]
